{"title_back":"","system_error_title":"System error","system_error_msg":"Sorry, system error. Please try again later.","system_error_got_it":"Got it","network_error_title":"Internet connection failed","network_error_msg":"Please check your internet connection and try again.","network_error_retry":"Retry","network_error_exit":"Quit","zdoc_title":"Take ID Photo","zdoc_submit":"Submit","zdoc_retry":"Retake","zdoc_processing":"Processing...","zdoc_success":"Processing...","zdoc_user_cancel_title":"Are you sure to quit?","zdoc_user_cancel_msg":"Please make sure your ID is clear and non-reflective, making it easier to succeed.","zdoc_user_cancel_stay":"Retry","zdoc_user_cancel_quit":"Quit","zdoc_camera_permission_title":"No camera permission","zdoc_camera_permission_msg":"Please allow the application to access your camera, or go back and try again.","zdoc_camera_permission_not_allow":"Quit","zdoc_camera_permission_settings":"Go Setting","zdoc_retry_max_title":"Too many attempts","zdoc_retry_max_msg":"You have reached the maximum number of attempts. Please try again later.","zdoc_retry_max_got_it":"Got it","zdoc_expired_document_title":"ID expired","zdoc_expired_document_msg":"Make sure your ID is not expired.","zdoc_noface_title":"ID not complete","zdoc_noface_msg":"Please make sure the ID is fully visible, glare free and not blurred.","zdoc_exposure_title":"ID not complete","zdoc_exposure_msg":"Please make sure the ID is fully visible, glare free and not blurred.","zdoc_blur_title":"ID not complete","zdoc_blur_msg":"Please make sure the ID is fully visible, glare free and not blurred.","zdoc_imperfect_title":"ID not complete","zdoc_imperfect_msg":"Please make sure the ID is fully visible, glare free and not blurred.","zdoc_wrong_document_title":"No ID detected","zdoc_wrong_document_msg":"Make sure you are using the required type of ID.","zdoc_unknow_title":"No ID detected","zdoc_unknow_msg":"Make sure you are using the required type of ID.","zdoc_no_document_title":"No ID detected","zdoc_no_document_msg":"Make sure you are using the required type of ID.","zdoc_dialog_close":"Quit","zdoc_dialog_retry":"Retry","zface_title":"Face Verification","zface_no_face":"No qualified face detected","zface_not_in_center":"No qualified face detected","zface_bad_pitch":"Keep face in front view","zface_bad_yaw":"Keep face in front view","zface_bad_quality":"Keep face in front view","zface_distance_too_far":"Move Closer","zface_distance_too_close":"Move Further","zface_bad_brightness":"Face Too Dark","zface_bad_eye_openness":"Open Your Eyes","zface_blink_openness":"Blink","zface_stack_time":"Stay Still","zface_is_blur":"Image Unclear","zface_is_moving":"Image Unclear","zface_common_remind":"please look here","zface_processing":"Processing...","zface_user_cancel_title":"Are you sure to quit?","zface_user_cancel_msg":"Please face straight at the camera, making it easier to succeed.","zface_user_cancel_stay":"Retry","zface_user_cancel_quit":"Quit","zface_camera_without_permission_title":"No camera permission","zface_camera_without_permission_msg":"Please allow the application to access your camera, or go back and try again.","zface_camera_without_permission_go_settings":"Go Setting","zface_camera_without_permission_quit":"Quit","zface_retry_max_title":"Too many attempts","zface_retry_max_msg":"You have reached the maximum number of attempts. Please try again later.","zface_retry_max_got_it":"Got it","zface_scan_fail_title":"Face verification failed","zface_scan_fail_msg":"Face straight at the phone and ensure your face is light and clear.","zface_scan_fail_retry":"Retry","zface_scan_fail_quit":"Quit","zface_time_out_title":"Operation time out","zface_time_out_msg":"Please face straight at the camera, making it easier to succeed.","zface_time_out_retry":"Retry","zface_time_out_quit":"Quit","zface_interrupt_title":"Face verification interrupted.","zface_interrupt_msg":"Please face straight at the camera, making it easier to succeed.","zface_interrupt_retry":"Retry","zface_interrupt_close":"Quit","zface_device_unsupport_msg":"Face verification is not supported on this device.","zface_device_unsupport_got_it":"Got it","zface_camera_init_error_msg":"Face verification is not supported on this device.","zface_camera_init_error_got_it":"Got it","zdoc_camera_init_error_msg":"Doc capture not supported on this device.","zdoc_camera_init_error_got_it":"Got it","znfc_start_read_title":"Ready to Scan","znfc_start_read_sub_title":"Place phone touching the chip area and keep still","znfc_reading_title":"Scanning","znfc_reading_sub_title":"Please keep still while reading","znfc_readed_fail_title":"Scan Failed","znfc_readed_fail_sub_title":"Sorry,scanning failed,please try again","znfc_readed_success_title":"Scan Succeeded","znfc_readed_success_sub_title":"Confratulations,scanning succeeded","zdoc_passport_half_frame_tips_00000001003_1":"Front page of passport","zdoc_capture_00000001003_1":"Place your ID within the frame and take a picture.","zdoc_confirm_00000001003_1":"Make sure your ID is fully visible, glare free and not blurred."}